{
  "project_info": {
    "project_number": "955981646562",
    "project_id": "el3eyada-461df",
    "storage_bucket": "el3eyada-461df.appspot.com"
  },
  "client": [
    {
      "client_info": {
        "mobilesdk_app_id": "1:955981646562:android:7ce516a4dddc1aadc2acbb",
        "android_client_info": {
          "package_name": "com.example.el3eyada"
        }
      },
      "oauth_client": [],
      "api_key": [
        {
          "current_key": "AIzaSyDKrSJcxGDT2yRJfMdr600P1OTG8BYC334"
        }
      ],
      "services": {
        "appinvite_service": {
          "other_platform_oauth_client": []
        }
      }
    }
  ],
  "configuration_version": "1"
}